"id","flag","alpha2","alpha3","tld","name","name_fr","name_en","region_fr","region_en","sub_region_fr","sub_region_en","lang","lang_fr","lang_en","lang_iso","lang_local","lang_direction","indicatif","phone_length","monetary","iso_4217","symbol"
"1","🇦🇩","AD","AND",".ad","Andorra","Andorre","Andorra","Europe","Europe","Europe du Sud","Southern Europe","Andorrà","Catalan","Catalan","ca","ca_AD","LTR","376","9","Euro","EUR","€"
"2","🇦🇪","AE","ARE",".ae","الإمارات","Émirats arabes unis","United Arab Emirates","Asie","Asia","Asie de l’Ouest","Western Asia","العربية","Arabe","Arabic","ar","ar_AE","RTL","971","8","UAE dirham","AED","د.إ"
"3","🇦🇫","AF","AFG",".af","افغانستان","Afghanistan","Afghanistan","Asie","Asia","Asie du Sud","Southern Asia","افغانستان","Persan","Persian","fa","fa_AF","RTL","93","9","Afghan afghani","AFN","؋"
"4","🇦🇬","AG","ATG",".ag","Antigua and Barbuda","Antigua-et-Barbuda","Antigua and Barbuda","Amérique","Americas","Antilles","Caribbean","Antigua and Barbuda","Anglais","English","en","en_AG","LTR","1-268","10","East Caribbean dollar","XCD","$"
"5","🇦🇮","AI","AIA",".ai","Anguilla","Anguilla","Anguilla","Amérique","Americas","Antilles","Caribbean","Anguilla","Anglais","English","en","en_AI","LTR","1-264","10","East Caribbean dollar","XCD","$"
"6","🇦🇱","AL","ALB",".al","Shqipëria","Albanie","Albania","Europe","Europe","Europe du Sud","Southern Europe","Shqip","Albanais","Albanian","sq","sq_AL","LTR","355","9","Albanian lek","ALL","L"
"7","🇦🇲","AM","ARM",".am","Հայաստան","Arménie","Armenia","Asie","Asia","Asie de l'Ouest","Western Asia","Հայերեն","Arménien","Armenian","hy","hy_AM","LTR","374","8","Armenian dram","AMD","֏"
"8","🇦🇴","AO","AGO",".ao","Angola","Angola","Angola","Afrique","Africa","Afrique centrale","Middle Africa","Português","Portugais","Portuguese","pt","pt_AO","LTR","244","9","Angolan kwanza","AOA","Kz"
"9","🇦🇶","AQ","ATA",".aq","Antarctica","Antarctique","Antarctica","Autre","Others","Antarctique","Antarctica",NULL,NULL,NULL,NULL,NULL,NULL,NULL,NULL,NULL,NULL,NULL
"10","🇦🇷","AR","ARG",".ar","Argentina","Argentine","Argentina","Amérique","Americas","Amérique du Sud","South America","Español","Espagnol","Spanish","es","es_AR","LTR","54","9","Argentine peso","ARS","$"
"11","🇦🇸","AS","ASM",".as","American Samoa","Samoa américaines","American Samoa","Océanie","Oceania","Polynésie","Polynesia","English","Anglais","English","en","en_AS","LTR","1-684","10","United States dollar","USD","$"
"12","🇦🇹","AT","AUT",".at","Österreich","Autriche","Austria","Europe","Europe","Europe de l'Ouest","Western Europe","Deutsch","Allemand","German","de","de_AT","LTR","43","10","Euro","EUR","€"
"13","🇦🇺","AU","AUS",".au","Australia","Australie","Australia","Océanie","Oceania","Australie et Nouvelle-Zélande","Australia and New Zealand","English","Anglais","English","en","en_AU","LTR","61","9","Australian dollar","AUD","$"
"14","🇦🇼","AW","ABW",".aw","Aruba","Aruba","Aruba","Amérique","Americas","Caraïbes","Caribbean","Nederlands","Néerlandais","Dutch","nl","nl_AW","LTR","297","7","Aruban florin","AWG","ƒ"
"15","🇦🇽","AX","ALA",".ax","Åland","Åland Islands","Åland Islands","Europe","Europe","Europe du Nord","Northern Europe","Svenska","Suédois","Swedish","sv","sv_AX","LTR","358","9","Euro","EUR","€"
"16","🇦🇿","AZ","AZE",".az","Azərbaycan","Azerbaïdjan","Azerbaijan","Asie","Asia","Asie de l'Ouest","Western Asia","Azərbaycanca","Azéri","Azerbaijani","az","az_AZ","LTR","994","9","Azerbaijani manat","AZN","₼"
"17","🇧🇦","BA","BIH",".ba","Босна и Херцеговина","Bosnie-Herzégovine","Bosnia and Herzegovina","Europe","Europe","Europe du Sud-Est","Southern Europe","Bosanski","Bosniaque","Bosnian","bs","bs_BA","LTR","387","8","Bosnia and Herzegovina convertible mark","BAM","KM"
"18","🇧🇧","BB","BRB",".bb","Barbados","Barbade","Barbados","Amérique","Americas","Antilles","Caribbean","English","Anglais","English","en","en_BB","LTR","1-246","10","Barbadian dollar","BBD","$"
"19","🇧🇩","BD","BGD",".bd","বাংলাদেশ","Bangladesh","Bangladesh","Asie","Asia","Asie du Sud","Southern Asia","বাংলা","Bengali","Bengali","bn","bn_BD","RTL","880","10","Bangladeshi taka","BDT","৳"
"20","🇧🇪","BE","BEL",".be","België","Belgique","Belgium","Europe","Europe","Europe de l'Ouest","Western Europe","Nederlands","Néerlandais","Dutch","nl","nl_BE","LTR","32","9","Euro","EUR","€"
"21","🇧🇫","BF","BFA",".bf","Burkina Faso","Burkina Faso","Burkina Faso","Afrique","Africa","Afrique de l'Ouest","Western Africa","Français","Français","French","fr","fr_BF","LTR","226","8","West African CFA franc","XOF","CFA"
"22","🇧🇬","BG","BGR",".bg","България","Bulgarie","Bulgaria","Europe","Europe","Europe de l'Est","Eastern Europe","Български","Bulgare","Bulgarian","bg","bg_BG","LTR","359","9","Bulgarian lev","BGN","лв"
"23","🇧🇭","BH","BHR",".bh","البحرين","Bahreïn","Bahrain","Asie","Asia","Asie de l'Ouest","Western Asia","العربية","Arabe","Arabic","ar","ar_BH","RTL","973","8","Bahraini dinar","BHD","د.ب"
"24","🇧🇮","BI","BDI",".bi","Uburundi","Burundi","Burundi","Afrique","Africa","Afrique de l'Est","Eastern Africa","Kirundi","Français","French","fr","fr_BI","LTR","257","8","Burundian franc","BIF","FBu"
"25","🇧🇯","BJ","BEN",".bj","Bénin","Bénin","Benin","Afrique","Africa","Afrique de l'Ouest","Western Africa","Français","Français","French","fr","fr_BJ","LTR","229","8","West African CFA franc","XOF","CFA"
"26","🇧🇱","BL","BLM",".bl","Saint-Barthélemy","Saint Barthélemy","Saint Barthélemy","Amérique","Americas","Caraïbes","Caribbean","Français","Français","French","fr","fr_BL","LTR","590","6","Euro","EUR","€"
"27","🇧🇲","BM","BMU",".bm","Bermuda","Bermudes","Bermuda","Amérique","Americas","Amérique du Nord","Northern America","English","Anglais","English","en","en_BM","LTR","1-441","10","Bermudian dollar","BMD","$"
"28","🇧🇳","BN","BRN",".bn","بروني","Brunei","Brunei","Asie","Asia","Asie du Sud-Est","South-Eastern Asia","Bahasa Melayu","Malais","Malay","ms","ms_BN","LTR","673","7","Brunei dollar","BND","$"
"29","🇧🇴","BO","BOL",".bo","Bolivia","Bolivie","Bolivia","Amérique","Americas","Amérique du Sud","South America","Español","Espagnol","Spanish","es","es_BO","LTR","591","8","Bolivian boliviano","BOB","Bs."
"30","🇧🇶","BQ","BES",".bq","Caribbean Netherlands","Pays-Bas caribéens","Caribbean Netherlands","Amérique","Americas","Antilles","Caribbean","Nederlands","Néerlandais","Dutch","nl","nl_BQ","LTR","599","7","United States dollar","USD","$"
"31","🇧🇷","BR","BRA",".br","Brasil","Brésil","Brazil","Amérique","Americas","Amérique du Sud","South America","Português","Portugais","Portuguese","pt","pt_BR","LTR","55","11","Brazilian real","BRL","R$"
"32","🇧🇸","BS","BHS",".bs","The Bahamas","Bahamas","The Bahamas","Amérique","Americas","Antilles","Caribbean","English","Anglais","English","en","en_BS","LTR","1-242","10","Bahamian dollar","BSD","$"
"33","🇧🇹","BT","BTN",".bt","འབྲུག་ཡུལ","Bhoutan","Bhutan","Asie","Asia","Asie du Sud","Southern Asia","རྫོང་ཁ","Dzongkha","Dzongkha","dz","dz_BT","LTR","975","8","Bhutanese ngultrum","BTN","Nu."
"34","🇧🇻","BV","BVT",".bv","Bouvetøya","Île Bouvet","Bouvet Island","Autre","Others","Antarctique","Antarctica",NULL,NULL,NULL,NULL,NULL,NULL,NULL,NULL,NULL,NULL,NULL
"35","🇧🇼","BW","BWA",".bw","Botswana","Botswana","Botswana","Afrique","Africa","Afrique australe","Southern Africa","English","Anglais","English","en","en_BW","LTR","267","8","Botswana pula","BWP","P"
"36","🇧🇾","BY","BLR",".by","Белару́сь","Bélarus","Belarus","Europe","Europe","Europe de l'Est","Eastern Europe","Беларуская","Biélorusse","Belarusian","be","be_BY","LTR","375","9","Belarusian ruble","BYN","Br"
"37","🇧🇿","BZ","BLZ",".bz","Belize","Belize","Belize","Amérique","Americas","Amérique centrale","Central America","English","Anglais","English","en","en_BZ","LTR","501","7","Belize dollar","BZD","BZ$"
"38","🇨🇦","CA","CAN",".ca","Canada","Canada","Canada","Amérique","Americas","Amérique du Nord","Northern America","English","Anglais","English","en","en_CA","LTR","1","10","Canadian dollar","CAD","$"
"39","🇨🇨","CC","CCK",".cc","Cocos (Keeling) Islands","Îles Cocos","Cocos (Keeling) Islands","Océanie","Oceania","Australie et Nouvelle-Zélande","Australia and New Zealand","English","Anglais","English","en","en_CC","LTR","61","9","Australian dollar","AUD","$"
"40","🇨🇩","CD","COD",".cd","République démocratique du Congo","République démocratique du Congo","Democratic Republic of the Congo","Afrique","Africa","Afrique centrale","Middle Africa","Kikongo","Français","French","fr","fr_CD","LTR","243","9","Congolese franc","CDF","FC"
"41","🇨🇫","CF","CAF",".cf","Ködörösêse tî Bêafrîka","République centrafricaine","Central African Republic","Afrique","Africa","Afrique centrale","Middle Africa","Sango","Français","French","fr","fr_CF","LTR","236","8","Central African CFA franc","XAF","FCFA"
"42","🇨🇬","CG","COG",".cg","République du Congo","Congo","Congo","Afrique","Africa","Afrique centrale","Middle Africa","Kikongo","Français","French","fr","fr_CG","LTR","242","8","Central African CFA franc","XAF","FCFA"
"43","🇨🇭","CH","CHE",".ch","Schweiz","Suisse","Switzerland","Europe","Europe","Europe de l’Ouest","Western Europe","Deutsch","Allemand","German","de","de_CH","LTR","41","10","Swiss franc","CHF","CHF"
"44","🇨🇮","CI","CIV",".ci","Côte d'Ivoire","Côte d'Ivoire","Ivory Coast","Afrique","Africa","Afrique de l'Ouest","Western Africa","Dioula","Français","French","fr","fr_CI","LTR","225","8","West African CFA franc","XOF","CFA"
"45","🇨🇰","CK","COK",".ck","Cook Islands","Îles Cook","Cook Islands","Océanie","Oceania","Polynésie","Polynesia","English","Anglais","English","en","en_CK","LTR","682","7","New Zealand dollar","NZD","$"
"46","🇨🇱","CL","CHL",".cl","Chile","Chili","Chile","Amérique","Americas","Amérique du Sud","South America","Español","Espagnol","Spanish","es","es_CL","LTR","56","9","Chilean peso","CLP","$"
"47","🇨🇲","CM","CMR",".cm","Cameroun","Cameroun","Cameroon","Afrique","Africa","Afrique centrale","Middle Africa","Français","Français","French","fr","fr_CM","LTR","237","8","Central African CFA franc","XAF","FCFA"
"48","🇨🇳","CN","CHN",".cn","中国","Chine","China","Asie","Asia","Asie de l'Est","Eastern Asia","中文","Chinois","Chinese","zh","zh_CN","LTR","86","11","Renminbi","CNY","¥"
"49","🇨🇴","CO","COL",".co","Colombia","Colombie","Colombia","Amérique","Americas","Amérique du Sud","South America","Español","Espagnol","Spanish","es","es_CO","LTR","57","10","Colombian peso","COP","$"
"50","🇨🇷","CR","CRI",".cr","Costa Rica","Costa Rica","Costa Rica","Amérique","Americas","Amérique centrale","Central America","Español","Espagnol","Spanish","es","es_CR","LTR","506","8","Costa Rican colón","CRC","₡"
"51","🇨🇺","CU","CUB",".cu","Cuba","Cuba","Cuba","Amérique","Americas","Caraïbes","Caribbean","Español","Espagnol","Spanish","es","es_CU","LTR","53","8","Cuban peso","CUP","₱"
"52","🇨🇻","CV","CPV",".cv","Cabo Verde","Cap-Vert","Cape Verde","Afrique","Africa","Afrique de l'Ouest","Western Africa","Português","Portugais","Portuguese","pt","pt_CV","LTR","238","7","Cape Verdean escudo","CVE","$"
"53","🇨🇼","CW","CUW",".cw","Curaçao","Curaçao","Curaçao","Amérique","Americas","Caraïbes","Caribbean","Nederlands","Néerlandais","Dutch","nl","nl_CW","LTR","599","7","Netherlands Antillean guilder","ANG","ƒ"
"54","🇨🇽","CX","CXR",".cx","Christmas Island","Île Christmas","Christmas Island","Océanie","Oceania","Australie et Nouvelle-Zélande","Australia and New Zealand","English","Anglais","English","en","en_CX","LTR","61","9","Australian dollar","AUD","$"
"55","🇨🇾","CY","CYP",".cy","Κύπρος","Chypre","Cyprus","Europe","Europe","Europe du Sud","Southern Europe","Ελληνικά","Grec","Greek","el","el_CY","LTR","357","8","Euro","EUR","€"
"56","🇨🇿","CZ","CZE",".cz","Česko","République tchèque","Czech Republic","Europe","Europe","Europe de l'Est","Eastern Europe","Čeština","Tchèque","Czech","cs","cs_CZ","LTR","420","9","Czech koruna","CZK","Kč"
"57","🇩🇪","DE","DEU",".de","Deutschland","Allemagne","Germany","Europe","Europe","Europe de l'Ouest","Western Europe","Deutsch","Allemand","German","de","de_DE","LTR","49","10","Euro","EUR","€"
"58","🇩🇯","DJ","DJI",".dj","جيبوتي","Djibouti","Djibouti","Afrique","Africa","Afrique de l'Est","Eastern Africa","فرنسي","Français","French","fr","fr_DJ","LTR","253","8","Djiboutian franc","DJF","Fdj"
"59","🇩🇰","DK","DNK",".dk","Danmark","Danemark","Denmark","Europe","Europe","Europe du Nord","Northern Europe","Dansk","Danois","Danish","da","da_DK","LTR","45","8","Danish krone","DKK","kr"
"60","🇩🇲","DM","DMA",".dm","Dominica","Dominique","Dominica","Amérique","Americas","Antilles","Caribbean","English","Anglais","English","en","en_DM","LTR","1-767","10","East Caribbean dollar","XCD","$"
"61","🇩🇴","DO","DOM",".do","República Dominicana","République dominicaine","Dominican Republic","Amérique","Americas","Antilles","Caribbean","Español","Espagnol","Spanish","es","es_DO","LTR","1-809, 1-829, 1-849","10","Dominican peso","DOP","RD$"
"62","🇩🇿","DZ","DZA",".dz","الجزائر","Algérie","Algeria","Afrique","Africa","Afrique du Nord","Northern Africa","العربية","Arabe","Arabic","ar","ar_DZ","RTL","213","9","Algerian dinar","DZD","د.ج"
"63","🇪🇨","EC","ECU",".ec","Ecuador","Équateur","Ecuador","Amérique","Americas","Amérique du Sud","South America","Español","Espagnol","Spanish","es","es_EC","LTR","593","9","United States dollar","USD","$"
"64","🇪🇪","EE","EST",".ee","Eesti","Estonie","Estonia","Europe","Europe","Europe du Nord","Northern Europe","Eesti","Estonien","Estonian","et","et_EE","LTR","372","8","Euro","EUR","€"
"65","🇪🇬","EG","EGY",".eg","مصر","Égypte","Egypt","Afrique","Africa","Afrique du Nord","Northern Africa","العربية","Arabe","Arabic","ar","ar_EG","RTL","20","9","Egyptian pound","EGP","ج.م"
"66","🇪🇭","EH","ESH",".eh","الصحراء الغربية","Western Sahara","Western Sahara","Afrique","Africa","Afrique du Nord","Northern Africa","العربية","Arabe","Arabic","ar","ar_EH","RTL","212","8","Moroccan dirham","MAD","د.م."
"67","🇪🇷","ER","ERI",".er","ኤርትራ","Érythrée","Eritrea","Afrique","Africa","Afrique de l'Est","Eastern Africa","ትግርኛ","Tigrinya","Tigrinya","ti","ti_ER","LTR","291","7","Eritrean nakfa","ERN","Nfk"
"68","🇪🇸","ES","ESP",".es","España","Espagne","Spain","Europe","Europe","Europe du Sud","Southern Europe","Español","Espagnol","Spanish","es","es_ES","LTR","34","9","Euro","EUR","€"
"69","🇪🇹","ET","ETH",".et","ኢትዮጵያ","Éthiopie","Ethiopia","Afrique","Africa","Afrique de l'Est","Eastern Africa","አማርኛ","Amharique","Amharic","am","am_ET","LTR","251","8","Ethiopian birr","ETB","Br"
"70","🇫🇮","FI","FIN",".fi","Suomi","Finlande","Finland","Europe","Europe","Europe du Nord","Northern Europe","Suomi","Finnois","Finnish","fi","fi_FI","LTR","358","9","Euro","EUR","€"
"71","🇫🇯","FJ","FJI",".fj","Fiji","Fidji","Fiji","Océanie","Oceania","Mélanésie","Melanesia","English","Anglais","English","en","en_FJ","LTR","679","7","Fijian dollar","FJD","FJ$"
"72","🇫🇰","FK","FLK",".fk","Falkland Islands","Îles Malouines","Falkland Islands","Amérique","Americas","Amérique du Sud","South America","English","Anglais","English","en","en_FK","LTR","500","7","Falkland Islands pound","FKP","£"
"73","🇫🇲","FM","FSM",".fm","Micronesia","Micronésie (États fédérés de)","Micronesia","Océanie","Oceania","Micronésie","Micronesia","English","Anglais","English","en","en_FM","LTR","691","7","United States dollar","USD","$"
"74","🇫🇴","FO","FRO",".fo","Føroyar","Îles Féroé","Faroe Islands","Europe","Europe","Europe du Nord","Northern Europe","Føroyskt","Féroïen","Faroese","fo","fo_FO","LTR","298","7","Danish krone","DKK","kr"
"75","🇫🇷","FR","FRA",".fr","France","France","France","Europe","Europe","Europe de l'Ouest","Western Europe","Français","Français","French","fr","fr_FR","LTR","33","9","Euro","EUR","€"
"76","🇬🇦","GA","GAB",".ga","Gabon","Gabon","Gabon","Afrique","Africa","Afrique centrale","Middle Africa","Français","Français","French","fr","fr_FR","LTR","241","8","Central African CFA franc","XAF","FCFA"
"77","🇬🇧","GB","GBR",".uk","United Kingdom","Royaume-Uni","United Kingdom","Europe","Europe","Europe du Nord","Northern Europe","English","Anglais","English","en","en_GB","LTR","44","10","British pound","GBP","£"
"78","🇬🇩","GD","GRD",".gd","Grenada","Grenade","Grenada","Amérique","Americas","Antilles","Caribbean","English","Anglais","English","en","en_GD","LTR","1-473","10","East Caribbean dollar","XCD","EC$"
"79","🇬🇪","GE","GEO",".ge","საქართველო","Géorgie","Georgia","Asie","Asia","Asie de l'Ouest","Western Asia","ქართული","ქართული","Georgian","ka",NULL,"LTR","995","9","Georgian lari","GEL","₾"
"80","🇬🇫","GF","GUF",".gf","Guyane","Guyane française","French Guiana","Amérique","Americas","Amérique du Sud","South America","Français","Français","French","fr","fr_GF","LTR","594","9","Euro","EUR","€"
"81","🇬🇬","GG","GGY",".gg","Guernsey","Guernesey","Guernsey","Europe","Europe","Europe du Nord","Northern Europe","English","Anglais","English","en","en_GG","LTR","44","10","Pound sterling","GBP","£"
"82","🇬🇭","GH","GHA",".gh","Ghana","Ghana","Ghana","Afrique","Africa","Afrique de l'Ouest","Western Africa","English","Anglais","English","en","en_GH","LTR","233","10","Ghanaian cedi","GHS","GH₵"
"83","🇬🇮","GI","GIB",".gi","Gibraltar","Gibraltar","Gibraltar","Europe","Europe","Europe du Sud","Southern Europe","English","Anglais","English","en","en_GI","LTR","350","8","Gibraltar pound","GIP","£"
"84","🇬🇱","GL","GRL",".gl","Kalaallit Nunaat","Groenland","Greenland","Amérique","Americas","Amérique du Nord","Northern America","Kalaallisut","Groenlandais","Greenlandic","kl",NULL,"LTR","299","7","Danish krone","DKK","kr"
"85","🇬🇲","GM","GMB",".gm","Gambia","Gambie","Gambia","Afrique","Africa","Afrique de l'Ouest","Western Africa","English","Anglais","English","en","en_GM","LTR","220","8","Gambian dalasi","GMD","D"
"86","🇬🇳","GN","GIN",".gn","Guinée","Guinée","Guinea","Afrique","Africa","Afrique de l'Ouest","Western Africa","Français","Français","French","fr","fr_GN","LTR","224","8","Franc guinéen","GNF","FG"
"87","🇬🇵","GP","GLP",".gp","Guadeloupe","Guadeloupe","Guadeloupe","Amérique","Americas","Antilles","Caribbean","Français","Français","French","fr","fr_GP","LTR","590","12","Euro","EUR","€"
"88","🇬🇶","GQ","GNQ",".gq","Guinea Ecuatorial","Guinée équatoriale","Equatorial Guinea","Afrique","Africa","Afrique centrale","Middle Africa","Español","Espagnol","Spanish","es","es_GQ","LTR","240","8","Franc CFA d'Afrique centrale","XAF","FCFA"
"89","🇬🇷","GR","GRC",".gr","Ελλάδα","Grèce","Greece","Europe","Europe","Europe du Sud","Southern Europe","Ελληνικά","Grec","Greek","el","el_GR","LTR","30","10","Euro","EUR","€"
"90","🇬🇸","GS","SGS",".gs","South Georgia and the South Sandwich Islands","Géorgie du Sud-et-les îles Sandwich du Sud","South Georgia and the South Sandwich Islands","Antarctique","Antarctica","Antarctique","Antarctica","English","Anglais","English","en","en_GS","LTR",NULL,"8","Livre britannique","GBP","£"
"91","🇬🇹","GT","GTM",".gt","Guatemala","Guatemala","Guatemala","Amérique","Americas","Amérique centrale","Central America","Español","Espagnol","Spanish","es","es_GT","LTR","502","8","Quetzal guatémaltèque","GTQ","Q"
"92","🇬🇺","GU","GUM",".gu","Guam","Guam","Guam","Océanie","Oceania","Micronésie","Micronesia","English","Anglais","English","en","en_GU","LTR","1-671","10","Dollar des États-Unis","USD","$"
"93","🇬🇼","GW","GNB",".gw","Guiné Bissau","Guinée-Bissau","Guinea-Bissau","Afrique","Africa","Afrique de l'Ouest","Western Africa","Português","Portugais","Portuguese","pt","pt_GW","LTR","245","9","Franc CFA d'Afrique de l'Ouest","XOF","CFA"
"94","🇬🇾","GY","GUY",".gy","Guyana","Guyana","Guyana","Amérique","Americas","Amérique du Sud","South America","English","Anglais","English","en","en_GY","LTR","592","8","Dollar guyanien","GYD","$"
"95","🇭🇰","HK","HKG",".hk","香港","Hong Kong","Hong Kong","Asie","Asia","Asie de l'Est","Eastern Asia","中文","Chinois","Chinese","zh","zh_CN","LTR","852","8","Hong Kong dollar","HKD","HK$"
"96","🇭🇲","HM","HMD",".hm","Heard Island and McDonald Islands","Îles Heard-et-MacDonald","Heard Island and McDonald Islands","Océanie","Oceania","Australie et Nouvelle-Zélande","Australia and New Zealand","English","Anglais","English","en","en_US","LTR",NULL,NULL,NULL,NULL,NULL
"97","🇭🇳","HN","HND",".hn","Honduras","Honduras","Honduras","Amérique","Americas","Amérique centrale","Central America","Español","Espagnole","Spanish","es","es_ES","LTR","504","8","Honduran lempira","HNL","L"
"98","🇭🇷","HR","HRV",".hr","Hrvatska","Croatie","Croatia","Europe","Europe","Europe du Sud-Est","Southern Europe","hrvatski","Croate","Croatian","hr","hr_HR","LTR","385","8","Croatian kuna","HRK","kn"
"99","🇭🇹","HT","HTI",".ht","Haïti","Haïti","Haiti","Amérique","Americas","Antilles","Caribbean","Français","Français","French","fr","fr_HT","LTR","509","8","Haitian gourde","HTG","G"
"100","🇭🇺","HU","HUN",".hu","Magyarország","Hongrie","Hungary","Europe","Europe","Europe de l'Est","Eastern Europe","Magyar","Hongrois","Hungarian","hu","hu_HU","LTR","36","9","Hungarian forint","HUF","Ft"
"101","🇮🇩","ID","IDN",".id","Indonésie","Indonésie","Indonesia","Asie","Asia","Asie du Sud-Est","South-Eastern Asia","Bahasa Indonesia","Indonésien","Indonesian","id","id_ID","LTR","62","11","Rupiah indonésienne","IDR","Rp"
"102","🇮🇪","IE","IRL",".ie","Éire","Irlande","Ireland","Europe","Europe","Europe du Nord","Northern Europe","Gaeilge","Irlandais","Irish","ga","ga_IE","LTR","353","9","Euro","EUR","€"
"103","🇮🇱","IL","ISR",".il","ישראל","Israël","Israel","Asie","Asia","Asie de l'Ouest","Western Asia","עברית","Hébreu","Hebrew","he","he_IL","LTR","972","9","Shekel israélien","ILS","₪"
"104","🇮🇲","IM","IMN",".im","Isle of Man","Île de Man","Isle of Man","Europe","Europe","Europe du Nord","Northern Europe","English","Anglais","English","en","en_GB","LTR","44","10","Livre sterling","GBP","£"
"105","🇮🇳","IN","IND",".in","भारत","Inde","India","Asie","Asia","Asie du Sud","Southern Asia","हिन्दी","Hindi","Hindi","hi","hi_IN","LTR","91","10","Roupie indienne","INR","₹"
"106","🇮🇴","IO","IOT",".io","British Indian Ocean Territory","Territoire britannique de l'océan Indien","British Indian Ocean Territory","Afrique","Africa","Afrique de l'Est","Eastern Africa","English","Anglais","English","en","en_GB","LTR","246","7","Dollar des États-Unis","USD","$"
"107","🇮🇶","IQ","IRQ",".iq","العراق","Irak","Iraq","Asie","Asia","Asie de l'Ouest","Western Asia","العربية","Arabe","Arabic","ar","ar_IQ","RTL","964","10","Dinar irakien","IQD","د.ع"
"108","🇮🇷","IR","IRN",".ir","ایران","Iran","Iran","Asie","Asia","Asie de l'Ouest","Western Asia","فارسی","Persan","Persian","fa","fa_IR","RTL","98","10","Rial iranien","IRR","﷼"
"109","🇮🇸","IS","ISL",".is","Ísland","Islande","Iceland","Europe","Europe","Europe du Nord","Northern Europe","Íslenska","Islandais","Icelandic","is","is_IS","LTR","354","7","Couronne islandaise","ISK","kr"
"110","🇮🇹","IT","ITA",".it","Italia","Italie","Italy","Europe","Europe","Europe du Sud","Southern Europe","Italiano","Italien","Italian","it","it_IT","LTR","39","10","Euro","EUR","€"
"111","🇯🇪","JE","JEY",".je","Jersey","Jersey","Jersey","Europe","Europe","Europe du Nord","Northern Europe","English","Anglais","English","en","en_JE","LTR","44","10","Pound sterling","GBP","£"
"112","🇯🇲","JM","JAM",".jm","Jamaïque","Jamaïque","Jamaica","Amérique","Americas","Antilles","Caribbean","English","Anglais","English","en","en_JM","LTR","1-876","10","Jamaican dollar","JMD","J$"
"113","🇯🇴","JO","JOR",".jo","الأردن","Jordanie","Jordan","Asie","Asia","Asie de l'Ouest","Western Asia","العربية","Arabe","Arabic","ar","ar_JO","RTL","962","9","Jordanian dinar","JOD","د.ا"
"114","🇯🇵","JP","JPN",".jp","日本","Japon","Japan","Asie","Asia","Asie de l'Est","Eastern Asia","日本語","Japonais","Japanese","ja","ja_JP","LTR","81","10","Japanese yen","JPY","¥"
"115","🇰🇪","KE","KEN",".ke","Kenya","Kenya","Kenya","Afrique","Africa","Afrique de l'Est","Eastern Africa","Swahili","Swahili","Swahili","sw","sw_KE","LTR","254","9","Kenyan shilling","KES","Ksh"
"116","🇰🇬","KG","KGZ",".kg","Kyrgyzstan","Kyrgyzstan","Kyrgyzstan","Asie","Asia","Asie centrale","Central Asia","Кыргыз тили","Kirghize","Kyrgyz","ky","ky_KG","LTR","996","9","Kyrgyzstani som","KGS","сом"
"117","🇰🇭","KH","KHM",".kh","Cambodge","Cambodge","Cambodia","Asie","Asia","Asie du Sud-Est","South-Eastern Asia","ភាសាខ្មែរ","Khmer","Khmer","km","km_KH","LTR","855","8","Cambodian riel","KHR","៛"
"118","🇰🇮","KI","KIR",".ki","Kiribati","Kiribati","Kiribati","Océanie","Oceania","Micronésie","Micronesia","English","Anglais","English","en","en_KI","LTR","686","7","Australian dollar","AUD","$"
"119","🇰🇲","KM","COM",".km","Comores","Comores","Comoros","Afrique","Africa","Afrique de l'Est","Eastern Africa","العربية","Arabe","Arabic","ar","ar_KM","RTL","269","8","Comorian franc","KMF","CF"
"120","🇰🇳","KN","KNA",".kn","Saint-Kitts-et-Nevis","Saint-Kitts-et-Nevis","Saint Kitts and Nevis","Amérique","Americas","Caraïbes","Caribbean","English","Anglais","English","en","en_KN","LTR","+1-869","10","East Caribbean dollar","XCD","EC$"
"121","🇰🇵","KP","PRK",".kp","Corée du Nord","Corée du Nord","Democratic People's Republic of Korea","Asie","Asia","Asie de l’Est","Eastern Asia","한국어","Coréen","Korean","ko","ko_KP","LTR","850","10","North Korean won","KPW","₩"
"122","🇰🇷","KR","KOR",".kr","Corée du Sud","Corée du Sud","Republic of Korea","Asie","Asia","Asie de l’Est","Eastern Asia","한국어","Coréen","Korean","ko","ko_KR","LTR","82","10","South Korean won","KRW","₩"
"123","🇰🇼","KW","KWT",".kw","Koweït","Koweït","Kuwait","Asie","Asia","Asie de l’Ouest","Western Asia","العربية","Arabe","Arabic","ar","ar_KW","RTL","965","8","Kuwaiti dinar","KWD","د.ك"
"124","🇰🇾","KY","CYM",".ky","Îles Caïmans","Îles Caïmans","Cayman Islands","Amérique","Americas","Antilles","Caribbean","English","Anglais","English","en","en_KY","LTR","1-345","10","Cayman Islands dollar","KYD","CI$"
"125","🇰🇿","KZ","KAZ",".kz","Kazakhstan","Kazakhstan","Kazakhstan","Asie","Asia","Asie centrale","Central Asia","Қазақ тілі","Kazakh","Kazakh","kk","kk_KZ","LTR","7","10","Kazakhstani tenge","KZT","₸"
"126","🇱🇦","LA","LAO",".la","Laos","Laos","Lao People’s Democratic Republic","Asie","Asia","Asie du Sud-Est","South-Eastern Asia","ພາສາລາວ","Laotien","Lao","lo","lo_LA","LTR","856","9","Lao kip","LAK","₭"
"127","🇱🇧","LB","LBN",".lb","Liban","Liban","Lebanon","Asie","Asia","Asie de l’Ouest","Western Asia","العربية","Arabe","Arabic","ar","ar_LB","RTL","961","8","Lebanese pound","LBP","ل.ل"
"128","🇱🇨","LC","LCA",".lc","Sainte-Lucie","Sainte-Lucie","Saint Lucia","Amérique","Americas","Caraïbes","Caribbean","English","Anglais","English","en","en_LC","LTR","+1-758","10","East Caribbean dollar","XCD","EC$"
"129","🇱🇮","LI","LIE",".li","Liechtenstein","Liechtenstein","Liechtenstein","Europe","Europe","Europe de l’Ouest","Western Europe","Deutsch","Allemand","German","de","de_LI","LTR","423","8","Swiss franc","CHF","CHF"
"130","🇱🇰","LK","LKA",".lk","Sri Lanka","Sri Lanka","Sri Lanka","Asie","Asia","Asie du Sud","Southern Asia","සිංහල","Sinhala","Sinhalese","si","si_LK","LTR","94","10","Sri Lankan rupee","LKR","රු"
"131","🇱🇷","LR","LBR",".lr","Liberia","Liberia","Liberia","Afrique","Africa","Afrique de l’Ouest","Western Africa","English","Anglais","English","en","en_LR","LTR","231","8","Liberian dollar","LRD","LD"
"132","🇱🇸","LS","LSO",".ls","Lesotho","Lesotho","Lesotho","Afrique","Africa","Afrique australe","Southern Africa","English","Anglais","English","en","en_LS","LTR","266","8","Lesotho loti","LSL","M"
"133","🇱🇹","LT","LTU",".lt","Lituanie","Lituanie","Lithuania","Europe","Europe","Europe du Nord","Northern Europe","Lietuvių","Lituanien","Lithuanian","lt","lt_LT","LTR","370","8","Euro","EUR","€"
"134","🇱🇺","LU","LUX",".lu","Luxembourg","Luxembourg","Luxembourg","Europe","Europe","Europe de l’Ouest","Western Europe","Lëtzebuergesch","Luxembourgeois","Luxembourgish","lb","lb_LU","LTR","352","8","Euro","EUR","€"
"135","🇱🇻","LV","LVA",".lv","Lettonie","Lettonie","Latvia","Europe","Europe","Europe du Nord","Northern Europe","Latviešu","Letton","Latvian","lv","lv_LV","LTR","371","8","Euro","EUR","€"
"136","🇱🇾","LY","LBY",".ly","Libye","Libye","Libya","Afrique","Africa","Afrique du Nord","Northern Africa","العربية","Arabe","Arabic","ar","ar_LY","RTL","218","8","Libyan dinar","LYD","ل.د"
"137","🇲🇦","MA","MAR",".ma","Maroc","Maroc","Morocco","Afrique","Africa","Afrique du Nord","Northern Africa","العربية","Arabe","Arabic","ar","ar_MA","RTL","212","9","Moroccan dirham","MAD","د.م."
"138","🇲🇨","MC","MCO",".mc","Monaco","Monaco","Monaco","Europe","Europe","Europe de l’Ouest","Western Europe","Français","Français","French","fr","fr_MC","LTR","377","8","Euro","EUR","€"
"139","🇲🇩","MD","MDA",".md","Moldavie","Moldavie","Republic of Moldova","Europe","Europe","Europe de l’Est","Eastern Europe","Română","Roumain","Romanian","ro","ro_MD","LTR","373","8","Moldovan leu","MDL","MDL"
"140","🇲🇪","ME","MNE",".me","Monténégro","Monténégro","Montenegro","Europe","Europe","Europe du Sud-Est","Southern Europe","Српски","Serbe","Serbian","sr","sr_ME","LTR","382","9","Euro","EUR","€"
"141","🇲🇫","MF","MAF",".mf","Saint-Martin","Saint Martin (partie française)","Saint Martin","Amérique","Americas","Caraïbes","Caribbean","Français","Français","French","fr","fr_MF","LTR","590","6","Euro","EUR","€"
"142","🇲🇬","MG","MDG",".mg","Madagascar","Madagascar","Madagascar","Afrique","Africa","Afrique australe","Southern Africa","Malagasy","Malgache","Malagasy","mg","mg_MG","LTR","261","9","Malagasy ariary","MGA","Ar"
"143","🇲🇭","MH","MHL",".mh","Îles Marshall","Îles Marshall","Marshall Islands","Océanie","Oceania","Micronésie","Micronesia","English","Anglais","English","en","en_MH","LTR","692","7","United States dollar","USD","$"
"144","🇲🇰","MK","MKD",".mk","Macédoine","Macédoine du Nord","North Macedonia","Europe","Europe","Europe du Sud-Est","Southern Europe","Македонски","Macédonien","Macedonian","mk","mk_MK","LTR","389","8","Macedonian denar","MKD","ден"
"145","🇲🇱","ML","MLI",".ml","Mali","Mali","Mali","Afrique","Africa","Afrique de l’Ouest","Western Africa","Français","Français","French","fr","fr_ML","LTR","223","8","West African CFA franc","XOF","CFA"
"146","🇲🇲","MM","MMR",".mm","Myanmar","Myanmar","Myanmar","Asie","Asia","Asie du Sud-Est","South-Eastern Asia","မြန်မာ","Birman","Burmese","my","my_MM","LTR","95","9","Burmese kyat","MMK","K"
"147","🇲🇳","MN","MNG",".mn","Mongolie","Mongolie","Mongolia","Asie","Asia","Asie de l’Est","Eastern Asia","Монгол","Mongol","Mongolian","mn","mn_MN","LTR","976","8","Mongolian tögrög","MNT","₮"
"148","🇲🇴","MO","MAC",".mo","Macao","Macao","Macao","Asie","Asia","Asie de l’Est","Eastern Asia","中文","Chinois","Chinese","zh","zh_MO","LTR","853","8","Macanese pataca","MOP","MOP$"
"149","🇲🇵","MP","MNP",".mp","Îles Mariannes du Nord","Îles Mariannes du Nord","Northern Mariana Islands","Océanie","Oceania","Micronésie","Micronesia","English","Anglais","English","en","en_MP","LTR","+1-670","10","United States dollar","USD","$"
"150","🇲🇶","MQ","MTQ",".mq","Martinique","Martinique","Martinique","Amérique","Americas","Caraïbes","Caribbean","Français","Français","French","fr","fr_MQ","LTR","596","9","Euro","EUR","€"
"151","🇲🇷","MR","MRT",".mr","Mauritanie","Mauritanie","Mauritania","Afrique","Africa","Afrique du Nord","Northern Africa","العربية","Arabe","Arabic","ar","ar_MR","RTL","222","8","Mauritanian ouguiya","MRU","UM"
"152","🇲🇸","MS","MSR",".ms","Montserrat","Montserrat","Montserrat","Amérique","Americas","Caraïbes","Caribbean","English","Anglais","English","en","en_MS","LTR","+1-664","10","East Caribbean dollar","XCD","EC$"
"153","🇲🇹","MT","MLT",".mt","Malte","Malte","Malta","Europe","Europe","Europe du Sud","Southern Europe","Malti","Maltais","Maltese","mt","mt_MT","LTR","356","8","Euro","EUR","€"
"154","🇲🇺","MU","MUS",".mu","Maurice","Maurice","Mauritius","Afrique","Africa","Afrique de l’Est","Eastern Africa","English","Anglais","English","en","en_MU","LTR","230","8","Mauritian rupee","MUR","₨"
"155","🇲🇻","MV","MDV",".mv","Maldives","Maldives","Maldives","Asie","Asia","Asie du Sud","Southern Asia","ދިވެހިބަސް","Maldivien","Dhivehi","dv","dv_MV","RTL","960","7","Maldivian rufiyaa","MVR","ރ."
"156","🇲🇼","MW","MWI",".mw","Malawi","Malawi","Malawi","Afrique","Africa","Afrique australe","Eastern Africa","English","Anglais","English","en","en_MW","LTR","265","9","Malawian kwacha","MWK","MK"
"157","🇲🇽","MX","MEX",".mx","Mexique","Mexique","Mexico","Amérique","Americas","Amérique du Nord","Central America","Español","Espagnol","Spanish","es","es_MX","LTR","52","10","Mexican peso","MXN","$"
"158","🇲🇾","MY","MYS",".my","Malaisie","Malaisie","Malaysia","Asie","Asia","Asie du Sud-Est","South-Eastern Asia","Bahasa Melayu","Malais","Malay","ms","ms_MY","LTR","60","9","Malaysian ringgit","MYR","RM"
"159","🇲🇿","MZ","MOZ",".mz","Mozambique","Mozambique","Mozambique","Afrique","Africa","Afrique australe","Eastern Africa","Português","Portugais","Portuguese","pt","pt_MZ","LTR","258","9","Mozambican metical","MZN","MT"
"160","🇳🇦","NA","NAM",".na","Namibie","Namibie","Namibia","Afrique","Africa","Afrique australe","Southern Africa","English","Anglais","English","en","en_NA","LTR","264","8","Namibian dollar","NAD","$"
"161","🇳🇨","NC","NCL",".nc","Nouvelle-Calédonie","Nouvelle-Calédonie","New Caledonia","Océanie","Oceania","Mélanésie","Melanesia","Français","Français","French","fr","fr_NC","LTR","687","9","CFP franc","XPF","₣"
"162","🇳🇪","NE","NER",".ne","Niger","Niger","Niger","Afrique","Africa","Afrique de l’Ouest","Western Africa","Français","Français","French","fr","fr_NE","LTR","227","8","West African CFA franc","XOF","CFA"
"163","🇳🇫","NF","NFK",".nf","Île Norfolk","Île Norfolk","Norfolk Island","Océanie","Oceania","Australasie","Australia and New Zealand","English","Anglais","English","en","en_NF","LTR","672","6","Australian dollar","AUD","$"
"164","🇳🇬","NG","NGA",".ng","Nigéria","Nigéria","Nigeria","Afrique","Africa","Afrique de l’Ouest","Western Africa","English","Anglais","English","en","en_NG","LTR","234","8","Nigerian naira","NGN","₦"
"165","🇳🇮","NI","NIC",".ni","Nicaragua","Nicaragua","Nicaragua","Amérique","Americas","Amérique centrale","Central America","Español","Espagnol","Spanish","es","es_NI","LTR","505","8","Nicaraguan córdoba","NIO","C$"
"166","🇳🇱","NL","NLD",".nl","Pays-Bas","Pays-Bas","Netherlands","Europe","Europe","Europe de l’Ouest","Western Europe","Nederlands","Néerlandais","Dutch","nl","nl_NL","LTR","31","9","Euro","EUR","€"
"167","🇳🇴","NO","NOR",".no","Norvège","Norvège","Norway","Europe","Europe","Europe du Nord","Northern Europe","Norsk","Norvégien","Norwegian","no","no_NO","LTR","47","8","Norwegian krone","NOK","kr"
"168","🇳🇵","NP","NPL",".np","Népal","Népal","Nepal","Asie","Asia","Asie du Sud","Southern Asia","नेपाली","Népalais","Nepali","ne","ne_NP","LTR","977","10","Nepalese rupee","NPR","₨"
"169","🇳🇷","NR","NRU",".nr","Nauru","Nauru","Nauru","Océanie","Oceania","Micronésie","Micronesia","English","Anglais","English","en","en_NR","LTR","674","7","Australian dollar","AUD","$"
"170","🇳🇺","NU","NIU",".nu","Niué","Niué","Niue","Océanie","Oceania","Polynésie","Polynesia","English","Anglais","English","en","en_NU","LTR","683","7","New Zealand dollar","NZD","$"
"171","🇳🇿","NZ","NZL",".nz","Nouvelle-Zélande","Nouvelle-Zélande","New Zealand","Océanie","Oceania","Australasie","Australia and New Zealand","English","Anglais","English","en","en_NZ","LTR","64","10","New Zealand dollar","NZD","$"
"172","🇴🇲","OM","OMN",".om","عُمان","Oman","Oman","Asie","Asia","Asie de l’Ouest","Western Asia","العربية","Arabe","Arabic","ar","ar_OM","RTL","968","8","Omani rial","OMR","ر.ع."
"173","🇵🇦","PA","PAN",".pa","Panamá","Panama","Panama","Amérique","Americas","Amérique centrale","Central America","Español","Espagnol","Spanish","es","es_PA","LTR","507","8","Panamanian balboa","PAB","B/."
"174","🇵🇪","PE","PER",".pe","Perú","Peru","Peru","Amérique","Americas","Amérique du Sud","South America","Español","Espagnol","Spanish","es","es_PE","LTR","51","9","Peruvian sol","PEN","S/"
"175","🇵🇫","PF","PYF",".pf","Polynésie française","French Polynesia","French Polynesia","Océanie","Oceania","Polynésie","Polynesia","Français","Français","French","fr","fr_PF","LTR","689","7","Franc Pacifique CFP","XPF","₣"
"176","🇵🇬","PG","PNG",".pg","Papua Niugini","Papua New Guinea","Papua New Guinea","Océanie","Oceania","Mélanésie","Melanesia","English","Anglais","English","en","en_PG","LTR","675","7","Papua New Guinean kina","PGK","K"
"177","🇵🇭","PH","PHL",".ph","Pilipinas","Philippines","Philippines","Asie","Asia","Asie du Sud-Est","South-Eastern Asia","Pilipino","Filipino","Filipino","fil","fil_PH","LTR","63","10","Philippine peso","PHP","₱"
"178","🇵🇰","PK","PAK",".pk","پاکستان","Pakistan","Pakistan","Asie","Asia","Asie du Sud","Southern Asia","اردو","Ourdou","Urdu","ur","ur_PK","RTL","92","10","Pakistani rupee","PKR","₨"
"179","🇵🇱","PL","POL",".pl","Polska","Pologne","Poland","Europe","Europe","Europe de l’Est","Eastern Europe","Polski","Polonais","Polish","pl","pl_PL","LTR","48","9","Złoty polonais","PLN","zł"
"180","🇵🇲","PM","SPM",".pm","Saint-Pierre-et-Miquelon","Saint-Pierre-et-Miquelon","Saint Pierre and Miquelon","Amérique","Amériques","Amérique du Nord","Northern America","Français","Français","French","fr","fr_PM","LTR","508","7","Euro","EUR","€"
"181","🇵🇳","PN","PCN",".pn","Îles Pitcairn","Pitcairn","Pitcairn Islands","Océanie","Océanie","Polynésie","Polynesia","English","Anglais","English","en","en_PN","LTR","870","7","Dollar néo-zélandais","NZD","$"
"182","🇵🇷","PR","PRI",".pr","Puerto Rico","Puerto Rico","Puerto Rico","Amérique","Amériques","Caraïbes","Caribbean","Español","Espagnol","Spanish","es","es_PR","LTR","+1-787, +1-939","10","Dollar des États-Unis","USD","$"
"183","🇵🇸","PS","PSE",".ps","Palestine","Palestine","State of Palestine","Asie","Asie","Asie de l’Ouest","Western Asia","العربية","Arabe","Arabic","ar","ar_PS","RTL","970","8","Nouveau shekel israélien","ILS","₪"
"184","🇵🇹","PT","PRT",".pt","Portugal","Portugal","Portugal","Europe","Europe","Europe du Sud","Southern Europe","Português","Portugais","Portuguese","pt","pt_PT","LTR","351","9","Euro","EUR","€"
"185","🇵🇼","PW","PLW",".pw","Palaos","Palau","Palau","Océanie","Océanie","Micronésie","Micronesia","English","Anglais","English","en","en_PW","LTR","680","7","Dollar des États-Unis","USD","$"
"186","🇵🇾","PY","PRY",".py","Paraguay","Paraguay","Paraguay","Amérique","Amériques","Amérique du Sud","South America","Español","Espagnol","Spanish","es","es_PY","LTR","595","9","Guaraní paraguayen","PYG","₲"
"187","🇶🇦","QA","QAT",".qa","قطر","Qatar","Qatar","Asie","Asia","Asie de l’Ouest","Western Asia","قطري","Arabe","Arabic","ar","ar_QA","RTL","974","8","Riyal qatari","QAR","ر.ق"
"188","🇷🇪","RE","REU",".re","La Réunion","Réunion","Réunion","Afrique","Africa","Afrique de l’Est","Eastern Africa","Français","Français","French","fr","fr_RE","LTR","262","9","Euro","EUR","€"
"189","🇷🇴","RO","ROU",".ro","România","Roumanie","Romania","Europe","Europe","Europe de l’Est","Eastern Europe","Română","Roumain","Romanian","ro","ro_RO","LTR","40","9","Leu roumain","RON","lei"
"190","🇷🇸","RS","SRB",".rs","Србија","Serbie","Serbia","Europe","Europe","Europe du Sud-Est","Southern Europe","Српски","Serbe","Serbian","sr","sr_RS","LTR","381","10","Dinar serbe","RSD","дин."
"191","🇷🇺","RU","RUS",".ru","Россия","Russie","Russian Federation","Europe","Europe","Europe de l’Est","Eastern Europe","Русский","Russe","Russian","ru","ru_RU","LTR","7","10","Rouble russe","RUB","₽"
"192","🇷🇼","RW","RWA",".rw","Rwanda","Rwanda","Rwanda","Afrique","Africa","Afrique de l’Est","Eastern Africa","Ikinyarwanda","Kinyarwanda","Kinyarwanda","rw","rw_RW","LTR","250","9","Franc rwandais","RWF","RF"
"193","🇸🇦","SA","SAU",".sa","السعودية","Arabie saoudite","Saudi Arabia","Asie","Asia","Asie de l’Ouest","Western Asia","العربية","Arabe","Arabic","ar","ar_SA","RTL","966","8","Riyal saoudien","SAR","﷼"
"194","🇸🇧","SB","SLB",".sb","Îles Salomon","Solomon Islands","Solomon Islands","Océanie","Oceania","Mélanésie","Melanesia","Solomons","Anglais","English","en","en_SB","LTR","677","7","Dollar des Îles Salomon","SBD","$"
"195","🇸🇨","SC","SYC",".sc","Seychelles","Seychelles","Seychelles","Afrique","Africa","Afrique de l’Est","Eastern Africa","Français","Français","French","fr","fr_SC","LTR","248","7","Roupie des Seychelles","SCR","₨"
"196","🇸🇩","SD","SDN",".sd","السودان","Soudan","Sudan","Afrique","Africa","Afrique du Nord","Northern Africa","العربية","Arabe","Arabic","ar","ar_SD","RTL","249","9","Livre soudanaise","SDG","£"
"197","🇸🇪","SE","SWE",".se","Sverige","Suède","Sweden","Europe","Europe","Europe du Nord","Northern Europe","Svenska","Suédois","Swedish","sv","sv_SE","LTR","46","9","Couronne suédoise","SEK","kr"
"198","🇸🇬","SG","SGP",".sg","Singapore","Singapour","Singapore","Asie","Asia","Asie du Sud-Est","South-Eastern Asia","English","Anglais","English","en","en_SG","LTR","65","8","Dollar de Singapour","SGD","$"
"199","🇸🇭","SH","SHN",".sh","Sainte-Hélène","Saint Helena","Saint Helena","Afrique","Africa","Afrique australe","Western Africa","English","Anglais","English","en","en_SH","LTR","290","7","Livre de Sainte-Hélène","SHP","£"
"200","🇸🇮","SI","SVN",".si","Slovenija","Slovénie","Slovenia","Europe","Europe","Europe du Sud-Est","Southern Europe","Slovenščina","Slovène","Slovenian","sl","sl_SI","LTR","386","8","Euro","EUR","€"
"201","🇸🇯","SJ","SJM",".sj","Svalbard og Jan Mayen","Svalbard and Jan Mayen","Svalbard and Jan Mayen","Europe","Europe","Europe du Nord","Northern Europe","Norsk","Norvégien","Norwegian","no","no_NO","LTR","Norvégien","8","Couronne norvégienne","NOK","kr"
"202","🇸🇰","SK","SVK",".sk","Slovensko","Slovaquie","Slovakia","Europe","Europe","Europe de l’Est","Eastern Europe","Slovenčina","Slovaque","Slovak","sk","sk_SK","LTR","421","9","Euro","EUR","€"
"203","🇸🇱","SL","SLE",".sl","Sierra Leone","Sierra Leone","Sierra Leone","Afrique","Africa","Afrique de l’Ouest","Western Africa","English","Anglais","English","en","en_SL","LTR","232","8","Leone sierra-léonais","SLL","Le"
"204","🇸🇲","SM","SMR",".sm","San Marino","San Marin","San Marino","Europe","Europe","Europe du Sud","Southern Europe","Italiano","Italien","Italian","it","it_SM","LTR","378","9","Euro","EUR","€"
"205","🇸🇳","SN","SEN",".sn","Sénégal","Sénégal","Senegal","Afrique","Africa","Afrique de l’Ouest","Western Africa","Français","Français","French","fr","fr_SN","LTR","221","9","Franc CFA ouest-africain","XOF","CFA"
"206","🇸🇴","SO","SOM",".so","Soomaaliya","Somalie","Somalia","Afrique","Africa","Afrique de l’Est","Eastern Africa","Soomaali","Somali","Somali","so","so_SO","LTR","252","8","Shilling somalien","SOS","Sh."
"207","🇸🇷","SR","SUR",".sr","Suriname","Suriname","Suriname","Amérique","Americas","Amérique du Sud","South America","Nederlands","Néerlandais","Dutch","nl","nl_SR","LTR","597","9","Surinamese dollar","SRD","$"
"208","🇸🇸","SS","SSD",".ss","South Sudan","South Sudan","South Sudan","Afrique","Africa","Afrique de l’Est","Eastern Africa","English","Anglais","English","en","en_SS","LTR","211","9","South Sudanese pound","SSP","£"
"209","🇸🇹","ST","STP",".st","São Tomé e Príncipe","São Tomé and Príncipe","São Tomé and Príncipe","Afrique","Africa","Afrique centrale","Central Africa","Português","Portugais","Portuguese","pt","pt_ST","LTR","239","7","Dobra","STN","Db"
"210","🇸🇻","SV","SLV",".sv","El Salvador","El Salvador","El Salvador","Amérique","Americas","Amérique centrale","Central America","Español","Espagnol","Spanish","es","es_SV","LTR","503","8","United States dollar","USD","$"
"211","🇸🇽","SX","SXM",".sx","Sint Maarten","Sint Maarten","Sint Maarten","Amérique","Americas","Caraïbes","Caribbean","Nederlands","Néerlandais","Dutch","nl","nl_SX","LTR","1-721","10","Netherlands Antillean guilder","ANG","ƒ"
"212","🇸🇾","SY","SYR",".sy","سوريا","Syria","Syria","Asie","Asia","Asie de l’Ouest","Western Asia","العربية","Arabe","Arabic","ar","ar_SY","RTL","963","8","Syrian pound","SYP","£"
"213","🇸🇿","SZ","SWZ",".sz","eSwatini","Eswatini","Eswatini","Afrique","Africa","Afrique australe","Southern Africa","siSwati","Swazi","Swazi","ss","ss_SZ","LTR","268","7","Swazi lilangeni","SZL","L"
"214","🇹🇦","TA","TAA",".ta","Tristan da Cunha","Tristan da Cunha","Tristan da Cunha","Afrique","Africa","Afrique australe","Southern Africa","English","Anglais","English","en","en_TA","LTR","290","7","Pound sterling","GBP","£"
"215","🇹🇨","TC","TCA",".tc","Turks and Caicos Islands","Turks and Caicos Islands","Turks and Caicos Islands","Amérique","Americas","Caraïbes","Caribbean","English","Anglais","English","en","en_TC","LTR","+1-649","10","United States dollar","USD","$"
"216","🇹🇩","TD","TCD",".td","تشاد","Chad","Chad","Afrique","Africa","Afrique centrale","Central Africa","Français","Français","French","fr","fr_TD","LTR","235","8","Central African CFA franc","XAF","CFA"
"217","🇹🇫","TF","ATF",".tf","Terres australes françaises","French Southern Territories","French Southern Territories","Antarctique","Antarctica","Antarctique","Antarctica","Français","Français","French","fr","fr_TF","LTR",NULL,"7","Euro","EUR","€"
"218","🇹🇬","TG","TGO",".tg","Togo","Togo","Togo","Afrique","Africa","Afrique de l’Ouest","Western Africa","Français","Français","French","fr","fr_TG","LTR","228","7","West African CFA franc","XOF","CFA"
"219","🇹🇭","TH","THA",".th","ประเทศไทย","Thailand","Thailand","Asie","Asia","Asie du Sud-Est","South-Eastern Asia","ไทย","Thaï","Thai","th","th_TH","LTR","66","8","Thai baht","THB","฿"
"220","🇹🇯","TJ","TJK",".tj","Тоҷикистон","Tajikistan","Tajikistan","Asie","Asia","Asie centrale","Central Asia","Тоҷикӣ","Tadjik","Tajik","tg","tg_TJ","LTR","992","9","Tajikistani somoni","TJS","ЅМ"
"221","🇹🇰","TK","TKL",".tk","Tokelau","Tokelau","Tokelau","Océanie","Oceania","Polynésie","Polynesia","English","Anglais","English","en","en_TK","LTR","690","7","New Zealand dollar","NZD","$"
"222","🇹🇱","TL","TLS",".tl","Timor-Leste","Timor-Leste","Timor-Leste","Asie","Asia","Asie du Sud-Est","South-Eastern Asia","Português","Portugais","Portuguese","pt","pt_TL","LTR","670","8","United States dollar","USD","$"
"223","🇹🇲","TM","TKM",".tm","Türkmenistan","Turkmenistan","Turkmenistan","Asie","Asia","Asie centrale","Central Asia","Туркмен","Turkmène","Turkmen","tk","tk_TM","LTR","993","9","Turkmenistan manat","TMT","T"
"224","🇹🇳","TN","TUN",".tn","تونس","Tunisie","Tunisia","Afrique","Africa","Afrique du Nord","Northern Africa","العربية","Arabe","Arabic","ar","ar_TN","RTL","216","8","Tunisian dinar","TND","د.ت"
"225","🇹🇴","TO","TON",".to","Tonga","Tonga","Tonga","Océanie","Oceania","Polynésie","Polynesia","English","Anglais","English","en","en_TO","LTR","676","7","Tongan pa'anga","TOP","T$"
"226","🇹🇷","TR","TUR",".tr","Türkiye","Turquie","Turkey","Asie","Asia","Asie de l’Ouest","Western Asia","Türkçe","Turc","Turkish","tr","tr_TR","LTR","90","9","Turkish lira","TRY","₺"
"227","🇹🇹","TT","TTO",".tt","Trinidad and Tobago","Trinidad et Tobago","Trinidad and Tobago","Amérique","Americas","Caraïbes","Caribbean","English","Anglais","English","en","en_TT","LTR","+1-868","10","Trinidad and Tobago dollar","TTD","TT$"
"228","🇹🇻","TV","TUV",".tv","Tuvalu","Tuvalu","Tuvalu","Océanie","Oceania","Polynésie","Polynesia","English","Anglais","English","en","en_TV","LTR","688","7","Tuvaluan dollar","AUD","$"
"229","🇹🇼","TW","TWN",".tw","臺灣","Taiwan","Taiwan","Asie","Asia","Asie de l’Est","Eastern Asia","中文","Chinois","Chinese","zh","zh_TW","LTR","886","8","New Taiwan dollar","TWD","NT$"
"230","🇹🇿","TZ","TZA",".tz","Tanzania","Tanzanie","Tanzania","Afrique","Africa","Afrique de l’Est","Eastern Africa","Kiswahili","Swahili","Swahili","sw","sw_TZ","LTR","255","7","Tanzanian shilling","TZS","TSh"
"231","🇺🇦","UA","UKR",".ua","Україна","Ukraine","Ukraine","Europe","Europe","Europe de l’Est","Eastern Europe","Українська","Ukrainien","Ukrainian","uk","uk_UA","LTR","380","9","Ukrainian hryvnia","UAH","₴"
"232","🇺🇬","UG","UGA",".ug","Uganda","Ouganda","Uganda","Afrique","Africa","Afrique de l’Est","Eastern Africa","English","Anglais","English","en","en_UG","LTR","256","7","Ugandan shilling","UGX","USh"
"233","🇺🇲","UM","UMI",".um","United States Minor Outlying Islands","Îles mineures éloignées des États-Unis","United States Minor Outlying Islands","Océanie","Oceania","Micronésie","Micronesia","English","Anglais","English","en","en_UM","LTR",NULL,"10","United States dollar","USD","$"
"234","🇺🇳","UN","UNO",NULL,"United Nations","Organisation des Nations unies","United Nations",NULL,NULL,NULL,NULL,NULL,NULL,NULL,NULL,NULL,NULL,NULL,NULL,NULL,NULL,NULL
"235","🇺🇸","US","USA",".us","United States","États-Unis","United States","Amérique","Americas","Amérique du Nord","Northern America","English","Anglais","English","en","en_US","LTR","1","10","United States dollar","USD","$"
"236","🇺🇾","UY","URY",".uy","Uruguay","Uruguay","Uruguay","Amérique","Americas","Amérique du Sud","South America","Español","Espagnol","Spanish","es","es_UY","LTR","598","8","Uruguayan peso","UYU","$"
"237","🇺🇿","UZ","UZB",".uz","O'zbekiston","Ouzbékistan","Uzbekistan","Asie","Asia","Asie centrale","Central Asia","Ўзбек","Ouzbek","Uzbek","uz","uz_UZ","LTR","998","9","Uzbekistani so'm","UZS","so'm"
"238","🇻🇦","VA","VAT",".va","Città del Vaticano","Vatican","Vatican City","Europe","Europe","Europe du Sud","Southern Europe","Italiano","Italien","Italian","it","it_VA","LTR","379","7","Euro","EUR","€"
"239","🇻🇨","VC","VCT",".vc","Saint Vincent and the Grenadines","Saint-Vincent-et-les Grenadines","Saint Vincent and the Grenadines","Amérique","Americas","Caraïbes","Caribbean","English","Anglais","English","en","en_VC","LTR","+1-784","10","East Caribbean dollar","XCD","$"
"240","🇻🇪","VE","VEN",".ve","Venezuela","Venezuela","Venezuela","Amérique","Americas","Amérique du Sud","South America","Español","Espagnol","Spanish","es","es_VE","LTR","58","9","Venezuelan bolívar","VES","Bs.S."
"241","🇻🇬","VG","VGB",".vg","British Virgin Islands","Îles Vierges britanniques","British Virgin Islands","Amérique","Americas","Caraïbes","Caribbean","English","Anglais","English","en","en_VG","LTR","+1-284","10","United States dollar","USD","$"
"242","🇻🇮","VI","VIR",".vi","United States Virgin Islands","Îles Vierges des États-Unis","United States Virgin Islands","Amérique","Americas","Caraïbes","Caribbean","English","Anglais","English","en","en_VI","LTR","+1-340","10","United States dollar","USD","$"
"243","🇻🇳","VN","VNM",".vn","Việt Nam","Vietnam","Vietnam","Asie","Asia","Asie du Sud-Est","South-Eastern Asia","Tiếng Việt","Vietnamien","Vietnamese","vi","vi_VN","LTR","84","9","Vietnamese đồng","VND","₫"
"244","🇻🇺","VU","VUT",".vu","Vanuatu","Vanuatu","Vanuatu","Océanie","Oceania","Mélanésie","Melanesia","Bislama","Bichelamar","Bislama","bi","bi_VU","LTR","678","7","Vanuatu vatu","VUV","VT"
"245","🇼🇫","WF","WLF",".wf","Wallis et Futuna","Wallis et Futuna","Wallis and Futuna","Océanie","Oceania","Polynésie","Polynesia","Français","Français","French","fr","fr_WF","LTR","681","7","CFP franc","XPF","F"
"246","🇼🇸","WS","WSM",".ws","Samoa","Samoa","Samoa","Océanie","Oceania","Polynésie","Polynesia","Gagana Samoa","Samoan","Samoan","sm","sm_WS","LTR","685","7","Samoan tālā","WST","T"
"247","🇾🇪","YE","YEM",".ye","اليَمَن","Yemen","Yemen","Asie","Asia","Asie de l’Ouest","Western Asia","العربية","Arabe","Arabic","ar","ar_YE","RTL","967","8","Yemeni rial","YER","﷼"
"248","🇾🇹","YT","MYT",".yt","Mayotte","Mayotte","Mayotte","Afrique","Africa","Afrique de l’Est","Eastern Africa","Français","Français","French","fr","fr_YT","LTR","262","7","Euro","EUR","€"
"249","🇿🇦","ZA","ZAF",".za","South Africa","Afrique du Sud","South Africa","Afrique","Africa","Afrique australe","Southern Africa","Afrikaans","Afrikaans","Afrikaans","af","af_ZA","LTR","27","10","South African rand","ZAR","R"
"250","🇿🇲","ZM","ZMB",".zm","Zambia","Zambie","Zambia","Afrique","Africa","Afrique australe","Southern Africa","English","Anglais","English","en","en_ZM","LTR","260","7","Zambian kwacha","ZMW","ZK"
"251","🇿🇼","ZW","ZWE",".zw","Zimbabwe","Zimbabwe","Zimbabwe","Afrique","Africa","Afrique australe","Southern Africa","English","Anglais","English","en","en_ZW","LTR","263","7","Zimbabwean dollar","ZWL","Z$"
